{ 
    "_id" : ObjectId("5d8576ff05e7494ea800d968"), 
    "image" : "https://images-na.ssl-images-amazon.com/images/I/61niBwB2yYL._SL1500_.jpg", 
    "name" : "Speck Products Presidio Metallic Case for iPhone 8 (Also Fits 7/6S/6), Rose Gold Metallic/Dahlia Peach", 
    "price" : 44.95, 
    "brand" : "Speck", 
    "category" : ObjectId("5d8576ff05e7494ea800d95c"), 
    "__v" : NumberInt(0)
}
{ 
    "_id" : ObjectId("5d8576ff05e7494ea800d96a"), 
    "image" : "https://images-na.ssl-images-amazon.com/images/I/9164-eI%2B%2BlL._SX679_.jpg", 
    "name" : "OtterBox DEFENDER SERIES Case for iPhone 8 Plus & iPhone 7 Plus (ONLY) - Frustration Free Packaging - BESPOKE WAY (BLAZER BLUE/STORMY SEAS BLUE)", 
    "price" : 33.75, 
    "brand" : "OtterBox", 
    "category" : ObjectId("5d8576ff05e7494ea800d95c"), 
    "__v" : NumberInt(0)
}
{ 
    "_id" : ObjectId("5d8576ff05e7494ea800d96c"), 
    "image" : "https://images-na.ssl-images-amazon.com/images/I/71pIqBH5qtL._SY741_.jpg", 
    "name" : "Samsung Galaxy J7 Pro (32GB) J730G/DS - 5.5 inch Full HD Dual SIM Unlocked Phone with Finger Print Sensor (US & Latin 4G LTE) (Pink)", 
    "price" : NumberInt(232), 
    "brand" : "Samsung", 
    "category" : ObjectId("5d8576ff05e7494ea800d961"), 
    "__v" : NumberInt(0)
}
{ 
    "_id" : ObjectId("5d8576ff05e7494ea800d96b"), 
    "image" : "https://images-na.ssl-images-amazon.com/images/I/71hKR23wmIL._SX679_.jpg", 
    "name" : "Speck Products Presidio Grip Case for iPhone 8 Plus (Also fits 7 Plus and 6S/6 Plus), Black/Black", 
    "price" : 21.26, 
    "brand" : "Speck", 
    "category" : ObjectId("5d8576ff05e7494ea800d95c"), 
    "__v" : NumberInt(0)
}
{ 
    "_id" : ObjectId("5d8576ff05e7494ea800d969"), 
    "image" : "https://images-na.ssl-images-amazon.com/images/I/41%2BMZ4466KL.jpg", 
    "name" : "iPhone 8 Plus Case, SUPCASE Unicorn Beetle Style Premium Hybrid Protective Clear Bumper Case [Scratch Resistant] for Apple iPhone 7 Plus 2016 / iPhone 8 Plus 2017 Releas", 
    "price" : 11.96, 
    "brand" : "SUPCASE", 
    "category" : ObjectId("5d8576ff05e7494ea800d95c"), 
    "__v" : NumberInt(0)
}
{ 
    "_id" : ObjectId("5d8576ff05e7494ea800d96d"), 
    "image" : "https://images-na.ssl-images-amazon.com/images/I/61562OkQd3L._SX679_.jpg", 
    "name" : "Samsung Galaxy S9 Unlocked Smartphone - Midnight Black - US Warranty", 
    "price" : NumberInt(719), 
    "brand" : "Samsung", 
    "category" : ObjectId("5d8576ff05e7494ea800d961"), 
    "__v" : NumberInt(0)
}
{ 
    "_id" : ObjectId("5d8576ff05e7494ea800d971"), 
    "image" : "https://images-na.ssl-images-amazon.com/images/I/81JcBcbQOdL._SX679_.jpg", 
    "name" : "MSI GS73VR Stealth Pro-225 17.3 inch 120Hz 5ms Display Thin and Light Gaming Laptop Core i7-7700HQ GTX 1060 16GB 256GB + 2TB VR Ready", 
    "price" : 1732.99, 
    "brand" : "MSI", 
    "category" : ObjectId("5d8576ff05e7494ea800d964"), 
    "__v" : NumberInt(0)
}
{ 
    "_id" : ObjectId("5d8576ff05e7494ea800d96f"), 
    "image" : "https://images-na.ssl-images-amazon.com/images/I/81CXyTkBjWL._SX679_.jpg", 
    "name" : "ASUS VivoBook S Thin & Light Laptop, 14 inch FHD, Intel Core i7-8550U up to 4.00 GHz, GeForce MX150, 8GB RAM, 256GB SSD, NanoEdge Bezel, Backlit Keyboard, FP Sensor - S410UN-NS74", 
    "price" : NumberInt(799), 
    "brand" : "Asus", 
    "category" : ObjectId("5d8576ff05e7494ea800d964"), 
    "__v" : NumberInt(0)
}
{ 
    "_id" : ObjectId("5d8576ff05e7494ea800d970"), 
    "image" : "https://images-na.ssl-images-amazon.com/images/I/61t6xBAVFrL._SX679_.jpg", 
    "name" : "HIDevolution Aorus X9 DT 17.3” FHD 144Hz G-Sync Gaming Laptop | 2.9 GHz i9-8950H, GTX 1080, 64GB DDR4/2666MHz RAM, PCIe 2TB SSD + 4TB SSD | Authorized Performance Upgrades & Warranty", 
    "price" : NumberInt(7239), 
    "brand" : "HIDevolution", 
    "category" : ObjectId("5d8576ff05e7494ea800d964"), 
    "__v" : NumberInt(0)
}
{ 
    "_id" : ObjectId("5d8576ff05e7494ea800d96e"), 
    "image" : "https://images-na.ssl-images-amazon.com/images/I/51bvItLxhqL.jpg", 
    "name" : "Apple iPhone 6 a1549 16GB Space Gray Unlocked (Certified Refurbished)", 
    "price" : 173.97, 
    "brand" : "Apple", 
    "category" : ObjectId("5d8576ff05e7494ea800d961"), 
    "__v" : NumberInt(0)
}
{ 
    "_id" : ObjectId("5d8576ff05e7494ea800d972"), 
    "image" : "https://images-na.ssl-images-amazon.com/images/I/71BSO8m6I4L._SX679_.jpg", 
    "name" : "Alienware AW17R4-7005SLV-PUS 17 inch Laptop (7th Generation Intel Core i7, 16GB RAM, 1TB HDD, Silver) with NVIDIA GTX 1060", 
    "price" : 1378.08, 
    "brand" : "Alienware", 
    "category" : ObjectId("5d8576ff05e7494ea800d964"), 
    "__v" : NumberInt(0)
}
{ 
    "_id" : ObjectId("5d8576ff05e7494ea800d973"), 
    "image" : "https://images-na.ssl-images-amazon.com/images/I/61Vu7mdGclL._SX679_.jpg", 
    "name" : "The Razer Blade 14 inch Thin & Light Gaming Laptop - Full HD, Core i7-7700HQ, 16GB RAM, 512GB SSD, GeForce GTX 1060 - VR Ready", 
    "price" : 1999.99, 
    "brand" : "Razer", 
    "category" : ObjectId("5d8576ff05e7494ea800d964"), 
    "__v" : NumberInt(0)
}
